month,no_of_rainy_days,total_rainfall,maximum_rainfall_in_a_day,mean_sunshine_hrs,mean_rh,temp_mean_daily_min,wet_bulb_temperature
1982-01,10,107.1,36.5,5.6,81.2,23.3,23.45604838709677
1982-02,5,27.8,9.4,7.6,79.5,23.9,24.297619047619047
1982-03,11,160.8,61.7,5.1,82.3,24.3,24.811559139784944
1982-04,14,157.0,45.1,4.7,85.9,24.3,25.10375
1982-05,10,102.2,33.0,5.8,83.2,25.2,25.689650537634407
1982-06,8,59.5,20.6,7.3,80.3,26.0,25.729305555555552
1982-07,8,76.3,17.2,7.6,77.6,25.5,25.107258064516127
1982-08,11,169.5,57.7,5.4,80.4,25.0,25.02755376344086
1982-09,9,54.1,18.0,5.2,80.6,25.3,25.243055555555557
1982-10,10,39.3,10.0,5.6,81.5,24.3,24.90067204301075
1982-11,13,134.0,39.6,5.8,83.4,24.5,25.068888888888885
1982-12,21,494.1,109.0,3.3,87.7,23.9,24.621639784946236
1983-01,18,246.0,43.2,4.3,85.6,24.0,24.554973118279573
1983-02,2,5.6,5.1,9.3,78.0,24.8,24.97440476190476
1983-03,2,18.6,18.3,8.9,76.0,25.4,25.439247311827955
1983-04,4,33.6,21.3,6.6,77.2,26.3,26.09347222222222
1983-05,11,160.8,32.3,5.9,83.2,25.2,25.95685483870968
1983-06,11,94.0,27.7,5.9,82.4,25.3,25.872500000000002
1983-07,18,190.0,55.5,5.4,83.7,24.9,25.422043010752688
1983-08,10,262.2,181.8,6.3,81.2,25.6,25.54959677419355
1983-09,18,170.8,50.3,3.8,84.4,24.6,25.13722222222222
1983-10,17,212.7,40.0,5.2,82.5,24.7,25.239247311827956
1983-11,18,228.8,54.8,3.2,85.2,24.0,24.687638888888888
1983-12,16,370.6,164.4,2.7,88.0,23.3,23.882526881720427
1984-01,18,251.2,62.3,4.1,85.8,22.9,23.667876344086025
1984-02,19,470.4,154.4,4.1,86.0,23.4,24.00991379310345
1984-03,19,361.3,119.4,5.3,85.4,23.8,24.6002688172043
1984-04,17,153.1,38.7,6.2,83.8,24.5,25.178472222222222
1984-05,12,186.5,46.0,6.4,84.1,24.5,25.15645161290323
1984-06,14,255.0,121.1,5.4,83.1,24.7,25.2575
1984-07,12,127.2,49.2,5.7,83.7,24.7,24.984274193548387
1984-08,13,102.7,22.5,6.0,84.1,24.3,25.241935483870968
1984-09,17,186.7,46.5,4.9,83.9,23.7,24.65791666666667
1984-10,11,187.5,47.2,5.3,82.5,24.3,25.00712365591398
1984-11,17,127.7,35.4,4.3,86.3,24.0,24.650138888888886
1984-12,22,277.4,58.4,3.3,86.7,23.6,24.245833333333334
1985-01,7,111.1,35.5,8.7,81.5,23.6,24.091129032258063
1985-02,11,79.3,18.7,6.5,84.0,24.1,24.892857142857142
1985-03,13,88.0,23.8,5.6,83.9,24.2,24.92822580645161
1985-04,14,110.5,29.3,5.5,83.8,24.4,25.28291666666667
1985-05,12,70.1,36.2,5.7,83.4,25.2,25.736962365591395
1985-06,14,37.0,9.9,5.8,79.4,25.1,25.32333333333333
1985-07,17,131.8,32.2,5.3,83.1,23.9,24.738575268817204
1985-08,11,56.9,21.4,6.2,80.4,25.1,25.07983870967742
1985-09,18,110.7,22.0,5.0,83.1,24.0,24.693055555555556
1985-10,21,169.0,30.2,4.1,84.7,23.9,24.6747311827957
1985-11,21,179.4,38.2,4.1,85.0,23.8,24.571805555555557
1985-12,22,340.1,86.8,4.6,86.2,23.7,24.273118279569893
1986-01,13,308.2,95.6,3.9,83.9,23.4,23.615591397849464
1986-02,2,26.7,23.0,7.2,78.4,23.9,23.99955357142857
1986-03,17,353.4,71.1,4.6,86.6,24.1,24.6747311827957
1986-04,14,150.0,56.4,6.2,85.3,24.7,25.42013888888889
1986-05,13,145.1,51.3,6.1,81.8,25.4,25.686155913978496
1986-06,13,122.9,34.5,6.8,82.5,25.3,25.542222222222225
1986-07,12,109.7,23.5,6.2,79.9,25.0,25.11209677419355
1986-08,11,72.9,28.4,5.6,77.3,25.2,25.126478494623655
1986-09,22,396.0,97.6,4.8,84.4,23.6,24.64486111111111
1986-10,20,227.3,65.6,5.0,85.0,24.3,24.90537634408602
1986-11,21,256.7,40.5,4.5,84.1,24.1,24.504583333333333
1986-12,16,367.2,131.7,5.4,85.2,23.9,24.403494623655916
1987-01,16,568.6,127.4,4.0,86.0,23.4,23.70255376344086
1987-02,7,86.9,34.8,9.2,79.0,23.7,23.781994047619047
1987-03,12,132.5,40.9,6.9,83.2,24.8,25.19475806451613
1987-04,10,72.5,27.7,6.2,82.8,25.1,25.573194444444447
1987-05,16,270.0,81.4,5.6,84.6,25.0,25.55766129032258
1987-06,15,126.6,30.7,6.8,80.7,26.0,26.001527777777774
1987-07,11,80.9,21.6,6.7,81.3,25.4,25.540188172043013
1987-08,16,191.9,48.2,5.1,83.6,25.0,25.20483870967742
1987-09,11,129.9,44.5,5.4,82.5,24.6,25.21027777777778
1987-10,9,22.6,5.9,5.8,82.1,25.2,25.403897849462364
1987-11,17,347.6,77.7,4.5,84.0,24.3,25.099861111111114
1987-12,11,72.8,24.3,4.8,84.6,24.2,24.40981182795699
1988-01,15,237.5,69.0,5.9,84.3,24.5,24.706989247311828
1988-02,9,158.1,46.7,6.7,83.2,24.6,24.87528735632184
1988-03,15,186.8,70.1,5.2,85.3,24.8,25.28682795698925
1988-04,13,109.6,22.8,5.4,84.5,25.2,25.7025
1988-05,14,229.6,76.7,5.6,82.7,25.8,26.008467741935483
1988-06,13,252.2,69.4,6.5,81.6,24.9,25.459305555555556
1988-07,15,305.4,75.6,6.0,84.0,24.6,25.204435483870967
1988-08,14,80.1,19.0,4.9,84.9,24.5,25.002150537634407
1988-09,14,440.4,187.3,4.8,84.5,24.5,25.004722222222224
1988-10,17,134.6,39.8,4.1,83.2,24.5,25.170295698924733
1988-11,23,401.4,111.9,3.7,86.8,23.7,24.58527777777778
1988-12,11,62.9,22.0,5.7,81.1,23.9,23.718413978494624
1989-01,10,189.7,53.0,5.8,84.1,23.9,24.39704301075269
1989-02,3,52.4,48.4,6.7,78.3,23.7,23.703869047619047
1989-03,21,305.9,63.5,4.5,87.6,23.9,24.72204301075269
1989-04,17,198.6,39.0,5.7,86.4,24.0,25.190555555555555
1989-05,12,194.0,38.2,5.2,86.6,24.5,25.4755376344086
1989-06,12,117.6,45.9,6.0,83.3,24.4,25.19611111111111
1989-07,12,157.6,33.3,6.0,82.6,24.9,25.386559139784943
1989-08,18,201.0,81.4,5.3,83.7,23.9,24.966397849462364
1989-09,14,247.3,102.2,5.5,84.4,24.1,24.846249999999998
1989-10,16,111.0,24.9,5.5,83.7,24.2,24.87983870967742
1989-11,20,508.4,148.6,5.4,86.0,24.0,24.7975
1989-12,18,179.7,44.2,4.8,85.5,23.9,24.37889784946237
1990-01,13,147.4,73.9,5.3,83.8,23.7,24.04731182795699
1990-02,8,24.1,6.6,8.9,80.9,24.9,24.96175595238095
1990-03,4,94.2,48.6,8.3,77.6,25.0,25.07956989247312
1990-04,10,52.4,12.0,6.3,81.2,25.3,25.885972222222225
1990-05,11,180.1,153.7,6.5,81.1,25.6,25.933064516129033
1990-06,9,112.6,76.1,6.3,80.7,25.4,25.693888888888885
1990-07,12,124.0,44.5,5.9,82.7,24.6,25.131048387096776
1990-08,13,146.6,38.3,5.8,82.3,25.1,25.5747311827957
1990-09,17,204.5,44.5,5.1,83.2,24.2,24.9775
1990-10,12,56.4,20.2,5.9,83.5,24.9,25.24516129032258
1990-11,17,180.4,46.9,4.6,83.5,24.7,24.983611111111113
1990-12,16,201.1,33.5,5.5,86.0,24.1,24.47231182795699
1991-01,13,123.9,36.2,5.6,84.1,24.2,24.58454301075269
1991-02,7,45.5,17.9,7.0,81.6,24.1,24.620386904761908
1991-03,10,92.4,48.6,7.1,79.9,24.7,25.046370967741936
1991-04,13,134.2,32.2,5.8,84.3,24.7,25.61513888888889
1991-05,23,256.4,44.0,5.1,86.6,25.0,25.91021505376344
1991-06,9,88.7,55.6,7.1,81.0,25.8,25.97041666666667
1991-07,8,37.3,10.7,6.7,78.7,25.7,25.533736559139783
1991-08,8,226.2,129.9,5.3,79.8,25.3,25.4
1991-09,12,123.1,53.6,4.1,83.0,24.7,25.269305555555558
1991-10,5,52.0,20.4,4.2,81.4,24.7,24.985483870967744
1991-11,19,205.0,75.2,3.5,86.5,23.6,24.49291666666667
1991-12,19,492.3,79.4,3.0,90.7,23.4,24.43938172043011
1992-01,9,83.9,56.2,6.6,82.4,23.8,24.29274193548387
1992-02,4,62.4,43.2,7.7,80.5,24.3,24.784913793103446
1992-03,6,67.6,35.1,7.4,80.6,25.0,25.50577956989247
1992-04,13,160.3,94.7,6.4,82.4,25.1,25.965
1992-05,13,63.1,13.7,5.7,83.3,25.1,25.8505376344086
1992-06,14,162.8,38.4,5.5,82.7,24.9,25.671666666666663
1992-07,19,290.8,97.3,4.7,83.8,24.2,25.1630376344086
1992-08,11,76.1,31.0,5.7,81.1,24.3,25.18978494623656
1992-09,13,83.6,17.5,5.0,82.9,24.5,25.035694444444445
1992-10,20,233.2,45.5,4.5,82.0,24.3,24.988306451612903
1992-11,18,474.3,120.6,3.7,87.7,23.7,24.479999999999997
1992-12,23,502.7,105.7,3.4,90.3,23.4,24.283467741935485
1993-01,11,176.4,37.2,5.5,85.7,23.8,24.335752688172043
1993-02,8,69.2,27.0,8.5,80.5,23.8,24.083035714285714
1993-03,14,250.5,56.9,5.4,86.3,24.0,24.861021505376343
1993-04,20,283.9,56.7,6.4,84.5,24.4,25.485416666666666
1993-05,10,129.9,37.2,6.0,82.9,25.4,25.850403225806453
1993-06,17,115.5,29.4,6.2,80.9,25.4,25.831666666666667
1993-07,15,240.0,46.4,5.2,83.2,25.2,25.60470430107527
1993-08,11,106.8,53.5,7.4,79.4,25.4,25.729032258064517
1993-09,7,61.7,42.0,5.9,81.4,24.9,25.335
1993-10,13,175.5,62.7,5.2,84.3,24.7,25.36599462365591
1993-11,18,250.8,61.3,4.7,87.4,24.2,25.185555555555553
1993-12,19,308.5,67.6,4.2,87.4,24.0,24.86532258064516
1994-01,7,56.9,17.5,6.1,82.1,24.1,24.526344086021503
1994-02,15,133.5,26.3,6.4,84.5,24.0,24.952976190476193
1994-03,19,288.2,64.2,3.5,87.1,24.2,25.100403225806453
1994-04,15,154.0,46.3,5.8,84.8,24.8,25.803333333333335
1994-05,16,169.6,45.1,5.0,84.8,25.1,26.023655913978494
1994-06,14,184.7,61.1,6.0,83.5,25.2,25.833194444444448
1994-07,6,53.8,17.0,7.6,78.9,25.7,25.547580645161293
1994-08,12,45.1,15.5,6.5,80.0,25.2,25.402419354838713
1994-09,6,23.7,11.3,3.8,78.7,25.5,25.410833333333333
1994-10,11,84.7,35.4,4.5,81.5,24.6,25.294758064516127
1994-11,21,322.2,178.3,4.5,88.4,24.0,25.15263888888889
1994-12,18,425.4,133.8,5.3,85.5,24.1,24.94327956989247
1995-01,21,349.4,108.3,5.0,86.2,24.1,24.95779569892473
1995-02,16,334.0,159.3,4.9,87.5,23.9,24.79925595238095
1995-03,10,67.7,31.1,5.9,83.9,24.6,25.396102150537637
1995-04,16,242.3,73.6,5.6,85.3,25.0,25.946805555555557
1995-05,11,84.4,32.8,6.0,83.7,25.6,26.279301075268815
1995-06,12,63.7,45.0,6.6,81.9,25.8,26.335694444444446
1995-07,13,173.6,52.3,5.2,82.6,25.2,25.65215053763441
1995-08,21,211.6,37.9,4.1,85.6,24.6,25.47271505376344
1995-09,7,29.5,5.7,5.8,81.6,25.1,25.764305555555556
1995-10,12,101.1,37.1,4.7,82.8,24.8,25.463575268817205
1995-11,20,372.8,198.6,3.7,86.8,24.1,25.218611111111112
1995-12,20,302.5,55.6,3.1,86.6,23.9,24.549059139784948
1996-01,10,173.2,39.0,5.2,84.2,23.4,24.08521505376344
1996-02,11,180.2,53.0,5.8,84.6,24.0,24.44942528735632
1996-03,8,129.7,61.8,7.7,81.0,24.5,25.12889784946237
1996-04,15,178.2,55.7,5.4,85.5,24.9,25.83888888888889
1996-05,15,107.5,18.6,7.0,83.7,25.2,26.278494623655916
1996-06,15,265.8,94.3,5.9,84.3,25.3,26.14916666666667
1996-07,10,162.3,55.3,6.7,81.9,25.4,25.853763440860217
1996-08,18,258.4,64.6,5.0,83.4,24.3,25.179032258064517
1996-09,18,297.0,66.5,4.8,82.2,24.6,25.317222222222224
1996-10,19,300.0,45.8,4.3,83.0,24.4,25.179973118279573
1996-11,16,180.2,60.5,4.4,83.5,24.6,25.067777777777778
1996-12,15,185.5,72.4,4.5,82.9,23.9,24.34032258064516
1997-01,3,15.4,13.9,7.7,77.3,24.0,23.996774193548386
1997-02,8,105.4,35.7,4.9,80.8,24.5,24.758482142857144
1997-03,10,34.3,17.4,7.0,79.6,24.9,25.227688172043013
1997-04,12,118.4,44.6,5.6,82.7,25.0,25.68263888888889
1997-05,6,41.6,35.6,6.7,77.7,26.3,26.157526881720432
1997-06,12,78.9,25.0,7.3,76.7,26.0,25.96847222222222
1997-07,9,18.6,5.4,6.5,76.5,26.0,25.524327956989247
1997-08,9,86.6,61.4,5.7,78.2,25.9,25.7252688172043
1997-09,3,31.1,24.3,3.2,77.0,26.3,25.580277777777777
1997-10,8,78.4,36.5,3.2,81.0,25.1,25.561693548387098
1997-11,13,158.3,53.6,5.4,82.8,24.8,25.43972222222222
1997-12,23,351.9,65.8,5.3,85.3,24.6,25.358467741935485
1998-01,13,268.8,79.7,7.4,83.2,25.3,25.736424731182797
1998-02,5,32.5,11.9,8.9,78.3,25.9,25.87827380952381
1998-03,7,58.8,20.9,7.6,77.8,26.3,26.263440860215052
1998-04,13,187.7,64.9,6.7,81.8,26.3,26.697222222222223
1998-05,18,370.8,83.7,5.9,82.3,26.3,26.913978494623656
1998-06,15,198.8,42.8,5.3,82.1,25.4,26.106944444444444
1998-07,18,259.2,55.8,5.1,81.8,24.9,25.640860215053763
1998-08,18,195.0,35.5,4.6,85.4,24.7,25.504435483870967
1998-09,17,258.2,52.0,4.5,84.1,24.9,25.755277777777778
1998-10,20,222.7,32.4,5.0,82.3,24.6,25.591397849462364
1998-11,11,107.2,57.5,4.6,81.9,24.9,25.448749999999997
1998-12,22,463.4,84.4,3.1,88.5,24.2,25.08508064516129
1999-01,19,193.9,52.5,3.9,88.3,24.3,25.05483870967742
1999-02,9,67.4,32.1,6.7,82.4,24.5,24.86636904761905
1999-03,16,181.4,52.4,4.3,87.5,24.4,25.45228494623656
1999-04,14,88.5,29.2,5.8,82.6,25.4,25.886805555555554
1999-05,13,157.1,42.8,5.7,84.4,25.3,25.910618279569892
1999-06,13,103.4,34.5,6.0,81.9,25.3,25.735972222222223
1999-07,11,225.4,51.4,6.8,82.7,24.7,25.40255376344086
1999-08,13,204.0,42.4,5.7,84.1,24.5,25.37244623655914
1999-09,13,125.9,41.5,6.5,81.7,24.9,25.40402777777778
1999-10,20,205.0,32.8,4.7,84.6,24.3,25.106182795698924
1999-11,19,241.5,39.0,4.7,84.4,24.5,25.14402777777778
1999-12,17,340.5,76.9,4.1,85.3,24.1,24.823924731182796
2000-01,14,275.2,127.6,4.0,86.9,23.9,24.6377688172043
2000-02,18,237.8,39.9,5.8,86.5,23.8,24.785344827586204
2000-03,15,238.3,37.9,5.8,85.8,24.3,25.315188172043012
2000-04,20,311.6,87.4,5.3,85.6,24.6,25.554305555555555
2000-05,10,96.8,36.7,6.8,82.4,25.7,26.170698924731184
2000-06,16,157.5,41.7,4.6,84.3,24.7,25.51236111111111
2000-07,12,116.1,34.6,6.5,82.6,25.3,25.746370967741935
2000-08,18,113.5,28.1,5.1,83.8,24.8,25.354569892473116
2000-09,12,81.1,25.7,6.2,82.2,25.2,25.6075
2000-10,14,120.9,38.3,4.0,82.1,24.9,25.331989247311828
2000-11,21,385.7,72.0,3.7,87.1,24.7,25.583194444444448
2000-12,18,236.0,45.8,4.2,87.6,24.4,25.335887096774197
2001-01,21,425.8,125.4,4.4,87.4,24.0,24.856854838709676
2001-02,11,86.6,28.2,4.8,83.6,24.5,24.788095238095234
2001-03,20,297.3,41.1,5.4,84.5,24.2,25.350806451612904
2001-04,18,203.3,68.9,5.3,86.0,25.1,25.86472222222222
2001-05,12,164.9,56.1,6.0,85.0,25.7,26.47056451612903
2001-06,11,137.1,49.6,4.9,82.5,25.4,25.77097222222222
2001-07,9,111.3,44.8,8.1,80.8,25.5,25.7880376344086
2001-08,14,158.3,36.6,4.9,83.7,25.2,25.804973118279573
2001-09,13,162.0,74.3,6.2,82.3,25.2,25.575833333333332
2001-10,20,252.2,77.2,4.4,83.7,24.7,25.423387096774192
2001-11,15,175.3,102.6,3.7,84.9,24.7,25.157083333333333
2001-12,20,609.0,211.1,4.5,86.8,24.1,24.94233870967742
2002-01,11,221.2,83.8,6.9,83.6,24.5,24.83279569892473
2002-02,2,50.8,41.7,7.4,80.9,24.5,24.705357142857142
2002-03,8,55.6,26.4,7.6,80.8,25.1,25.528494623655916
2002-04,13,116.5,39.4,6.6,82.3,25.6,26.13722222222222
2002-05,13,236.6,75.9,6.2,82.3,26.1,26.417473118279567
2002-06,12,83.1,45.8,6.3,82.1,26.0,26.222638888888888
2002-07,11,233.7,69.5,6.8,82.7,25.5,26.05510752688172
2002-08,14,54.2,17.8,6.7,79.2,25.6,25.624193548387098
2002-09,9,124.2,38.9,5.5,81.7,25.1,25.545555555555556
2002-10,7,10.8,3.2,6.2,79.8,25.7,25.838306451612905
2002-11,15,307.2,84.0,4.6,85.8,24.5,25.49833333333333
2002-12,24,255.0,38.6,4.8,88.7,24.7,25.680779569892472
2003-01,20,444.2,194.4,4.7,86.9,24.4,24.92970430107527
2003-02,13,172.9,82.2,5.8,85.0,24.4,25.087648809523813
2003-03,11,154.6,38.3,6.9,83.8,25.2,25.84704301075269
2003-04,20,159.9,42.9,5.1,86.7,25.3,26.094305555555557
2003-05,11,81.8,33.0,5.8,81.7,26.5,26.612903225806452
2003-06,12,50.3,23.2,7.0,78.5,26.0,25.94916666666667
2003-07,14,170.4,30.9,5.6,81.7,25.1,25.634543010752687
2003-08,13,193.6,64.4,6.1,83.1,25.5,25.924865591397847
2003-09,15,205.3,60.0,5.0,84.8,24.8,25.566666666666666
2003-10,21,351.4,56.6,5.1,84.9,24.5,25.548521505376343
2003-11,19,133.8,41.3,4.2,87.3,24.7,25.443055555555556
2003-12,17,273.0,92.1,3.9,87.2,24.3,24.87150537634409
2004-01,13,600.9,177.8,6.7,86.7,24.2,25.08225806451613
2004-02,4,31.9,19.2,7.7,80.5,24.7,24.958189655172415
2004-03,16,269.4,122.8,4.8,85.8,24.7,25.739919354838708
2004-04,9,57.1,18.1,7.0,82.3,26.1,26.369027777777777
2004-05,13,137.6,73.4,6.0,82.1,26.4,26.447580645161292
2004-06,8,127.2,68.1,6.3,79.8,26.1,26.183611111111112
2004-07,20,166.6,34.3,4.2,85.3,24.5,25.38817204301075
2004-08,8,185.2,111.5,7.3,80.3,25.4,25.537365591397847
2004-09,14,128.9,29.1,5.9,83.6,25.0,25.570277777777775
2004-10,13,125.6,25.3,5.0,83.9,25.0,25.57338709677419
2004-11,15,166.2,62.4,5.8,86.1,24.6,25.41375
2004-12,14,139.8,36.4,4.9,85.2,24.5,24.87244623655914
2005-01,8,163.2,96.7,6.5,83.3,23.9,24.395967741935483
2005-02,3,8.4,7.2,9.1,77.7,25.3,25.330357142857142
2005-03,12,82.4,20.5,7.2,80.3,25.4,25.70577956989247
2005-04,10,81.7,49.6,7.0,81.0,25.7,26.036805555555556
2005-05,20,331.1,58.7,5.5,84.6,25.2,26.366532258064517
2005-06,15,82.3,27.6,5.4,82.7,26.1,26.405694444444443
2005-07,15,104.0,26.3,5.4,84.0,25.2,25.849865591397847
2005-08,13,58.5,13.8,6.5,82.9,25.5,25.900134408602153
2005-09,18,175.7,43.4,6.2,84.2,25.2,25.996111111111112
2005-10,19,314.5,76.2,5.1,85.2,24.7,25.58185483870968
2005-11,23,362.9,133.8,4.4,86.4,24.4,25.43236111111111
2005-12,19,166.0,47.3,4.5,85.6,24.6,25.326478494623657
2006-01,20,454.4,131.7,4.8,87.8,24.1,24.865591397849464
2006-02,8,115.5,44.5,7.4,84.0,24.8,25.37842261904762
2006-03,9,83.1,35.7,7.1,81.3,25.2,25.692204301075268
2006-04,18,239.8,43.3,5.3,87.0,24.8,25.854444444444447
2006-05,14,205.7,36.6,5.0,85.2,25.4,26.103629032258063
2006-06,16,236.8,37.3,5.5,86.3,25.1,25.99152777777778
2006-07,15,153.8,54.8,6.9,83.8,25.7,26.21155913978495
2006-08,14,127.3,30.4,6.7,81.9,25.5,25.854569892473116
2006-09,12,83.3,32.2,5.3,81.0,25.4,25.40486111111111
2006-10,8,102.0,37.8,4.8,80.9,25.4,25.69327956989247
2006-11,18,185.6,64.0,5.6,87.4,24.5,25.550416666666667
2006-12,22,765.9,198.0,3.2,88.5,24.3,25.12217741935484
2007-01,20,450.1,143.8,4.1,86.8,24.2,24.72083333333333
2007-02,3,105.5,51.4,7.6,82.5,24.5,24.870535714285715
2007-03,21,269.1,68.8,5.8,84.9,24.6,25.42043010752688
2007-04,14,240.2,102.4,5.9,84.7,25.2,26.00986111111111
2007-05,16,127.2,21.9,5.5,84.8,25.3,26.221236559139783
2007-06,12,139.0,38.0,6.0,82.8,25.4,26.059583333333336
2007-07,19,141.7,23.0,3.8,84.8,25.1,25.697580645161292
2007-08,20,190.7,55.9,5.7,82.9,25.0,25.4252688172043
2007-09,13,149.0,52.1,5.8,83.3,25.0,25.593194444444443
2007-10,16,237.2,51.8,5.6,83.2,24.9,25.488575268817204
2007-11,21,367.9,60.1,3.5,86.5,24.0,25.105833333333333
2007-12,20,468.6,159.0,4.5,86.8,24.1,24.704301075268816
2008-01,19,262.6,123.1,6.1,86.0,24.3,24.903360215053763
2008-02,8,129.2,48.5,5.5,82.9,24.0,24.427298850574715
2008-03,16,294.1,48.1,4.3,87.1,24.0,24.830510752688173
2008-04,13,87.2,34.2,6.0,82.0,25.1,25.641805555555553
2008-05,11,124.9,42.3,6.6,79.1,26.0,25.849596774193547
2008-06,12,118.3,45.2,5.6,81.5,25.3,25.66333333333333
2008-07,15,89.1,23.5,4.9,81.3,25.1,25.311155913978496
2008-08,18,327.3,133.9,5.5,83.8,24.7,25.284408602150535
2008-09,18,164.4,43.5,5.1,82.7,24.6,25.344722222222224
2008-10,19,159.5,41.6,4.5,84.9,25.0,25.546505376344083
2008-11,16,324.3,63.3,4.0,85.9,24.5,25.379583333333333
2008-12,17,244.2,52.0,4.8,83.7,24.3,24.690591397849463
2009-01,5,38.3,36.0,6.6,79.1,24.2,23.982795698924733
2009-02,8,201.8,74.2,6.4,80.7,24.2,24.64627976190476
2009-03,19,223.3,56.3,5.5,85.4,24.1,25.2
2009-04,12,183.7,86.6,6.2,82.2,25.4,26.000694444444445
2009-05,17,198.6,41.3,6.6,83.0,25.3,26.366666666666667
2009-06,8,21.8,5.8,7.0,79.8,26.2,26.281666666666666
2009-07,16,161.0,24.4,6.2,80.8,25.3,25.6002688172043
2009-08,12,177.8,35.5,6.5,80.7,25.6,25.64354838709677
2009-09,13,109.6,63.0,5.6,82.0,25.5,25.86611111111111
2009-10,15,133.4,38.4,5.4,82.8,25.2,25.861424731182797
2009-11,23,281.8,61.4,4.7,85.6,24.8,25.274583333333336
2009-12,18,189.8,42.6,4.7,86.3,24.6,25.261693548387097
2010-01,10,69.5,24.5,7.1,82.1,24.4,25.016397849462365
2010-02,4,6.3,2.9,8.8,77.3,25.5,25.641964285714288
2010-03,11,238.0,57.6,6.1,79.9,25.1,25.731989247311827
2010-04,18,158.5,40.0,6.2,84.1,25.0,26.349444444444444
2010-05,17,157.5,90.5,6.5,82.2,25.9,26.713575268817205
2010-06,19,240.5,43.0,5.1,83.9,25.2,26.11875
2010-07,18,298.5,121.1,4.6,84.8,24.6,25.6497311827957
2010-08,16,158.4,60.2,5.4,84.2,24.6,25.741263440860216
2010-09,13,121.5,28.0,5.7,82.5,24.9,25.610833333333332
2010-10,17,166.2,58.1,4.2,82.3,25.1,25.80282258064516
2010-11,21,278.8,41.6,5.0,85.9,24.2,25.448611111111113
2010-12,14,181.4,85.8,3.6,85.3,23.9,24.836290322580645
2011-01,17,513.2,216.2,4.5,85.8,23.5,24.433467741935484
2011-02,8,23.0,17.4,7.5,81.1,24.1,24.69151785714286
2011-03,22,256.6,54.0,4.6,85.5,23.9,25.072311827956987
2011-04,12,217.8,61.8,7.2,83.9,24.6,25.689999999999998
2011-05,15,127.0,34.2,5.9,85.3,25.2,26.479166666666668
2011-06,15,213.0,82.0,5.0,83.7,25.2,26.13875
2011-07,7,76.6,30.0,7.8,81.3,25.5,26.110483870967744
2011-08,13,81.4,30.2,6.1,82.6,25.6,25.56048387096774
2011-09,14,136.4,40.4,5.1,82.7,25.1,25.50986111111111
2011-10,20,216.8,54.0,5.3,87.4,24.7,25.508198924731182
2011-11,24,377.8,78.6,4.6,87.8,24.6,25.45347222222222
2011-12,21,284.6,87.4,3.3,88.4,24.5,25.062634408602147
2012-01,16,106.1,26.2,6.0,87.3,24.3,25.007930107526885
2012-02,11,83.6,38.4,7.0,85.6,24.8,25.257183908045977
2012-03,21,313.4,92.3,4.2,87.3,24.4,25.314247311827955
2012-04,20,260.6,48.4,5.8,85.1,24.8,25.57111111111111
2012-05,19,292.0,79.2,5.6,83.1,24.8,25.842473118279568
2012-06,8,53.0,38.2,6.0,79.0,26.3,25.799305555555556
2012-07,17,130.8,35.4,6.2,81.1,25.3,25.18494623655914
2012-08,12,119.0,31.0,6.1,79.8,25.4,25.202016129032256
2012-09,10,107.6,35.8,5.6,79.7,25.3,25.150555555555556
2012-10,13,122.2,22.6,5.9,81.3,25.2,25.155779569892474
2012-11,22,208.2,49.2,4.4,85.4,24.7,25.138472222222223
2012-12,22,363.4,78.8,3.6,87.0,24.4,24.978494623655912
2013-01,15,262.0,73.0,6.0,82.1,24.6,24.62849462365591
2013-02,22,395.2,95.2,4.0,86.9,24.3,24.79285714285714
2013-03,10,85.8,29.6,7.5,80.4,25.6,25.5497311827957
2013-04,19,159.4,41.6,5.2,82.7,25.3,25.81625
2013-05,17,211.4,46.2,5.4,83.1,25.6,25.848387096774193
2013-06,12,111.4,22.4,6.4,74.6,25.9,25.30388888888889
2013-07,15,174.6,37.4,5.7,79.9,25.2,25.04193548387097
2013-08,15,165.6,43.2,6.1,79.0,25.1,25.04422043010753
2013-09,19,257.0,52.6,4.6,81.3,24.8,25.012916666666666
2013-10,19,285.4,139.8,6.3,79.9,24.6,24.95766129032258
2013-11,22,292.4,44.0,4.5,84.6,24.5,25.066666666666666
2013-12,21,348.2,119.8,3.5,85.8,24.1,24.609139784946237
2014-01,5,75.4,31.2,5.3,78.5,24.0,23.391129032258064
2014-02,1,0.2,0.2,8.8,74.5,24.5,23.708333333333332
2014-03,6,66.0,52.6,8.0,76.0,25.1,24.54462365591398
2014-04,17,110.0,28.8,5.7,80.0,25.5,25.461805555555557
2014-05,18,125.8,22.2,5.8,80.2,25.8,25.811424731182797
2014-06,11,71.4,18.8,6.0,77.5,26.3,25.880972222222223
2014-07,15,148.6,29.0,5.5,78.3,25.8,25.704704301075267
2014-08,20,241.0,44.2,4.5,79.7,25.2,24.933198924731183
2014-09,9,83.6,34.6,7.0,75.6,25.7,25.079583333333332
2014-10,10,120.0,32.8,6.0,77.0,25.7,25.170295698924733
2014-11,23,250.8,64.4,5.4,82.4,24.8,25.094722222222224
2014-12,17,245.6,48.2,3.7,82.6,24.7,24.71545698924731
2015-01,6,79.6,33.6,7.4,77.6,24.6,23.8377688172043
2015-02,6,18.8,10.8,7.3,75.4,24.4,23.633035714285715
2015-03,5,84.4,46.0,7.3,75.8,25.5,24.765860215053763
2015-04,13,73.2,18.8,7.2,77.1,25.9,25.373055555555553
2015-05,12,89.0,22.2,5.8,78.9,26.4,25.795564516129033
2015-06,10,95.8,28.4,6.7,75.8,26.6,25.58625
2015-07,13,116.8,45.8,7.1,74.9,26.7,25.54422043010753
2015-08,11,185.8,63.2,6.1,76.7,26.0,25.17755376344086
2015-09,8,61.6,18.4,4.3,75.0,26.5,25.183611111111112
2015-10,9,87.2,28.6,4.7,75.4,26.1,25.2127688172043
2015-11,13,72.6,25.8,4.8,79.1,25.5,25.090416666666666
2015-12,19,302.3,40.4,5.3,81.1,25.0,25.13037634408602
2016-01,15,126.6,39.6,7.2,79.6,26.0,25.472580645161287
2016-02,10,186.0,71.8,6.5,78.8,25.6,24.938505747126438
2016-03,6,6.2,2.4,8.0,74.7,26.6,25.40456989247312
2016-04,14,89.8,18.2,7.0,75.6,26.7,25.945277777777775
2016-05,12,193.8,54.8,6.2,77.4,26.5,26.075806451612905
2016-06,13,162.8,67.8,5.4,77.7,26.1,25.419166666666666
2016-07,20,168.6,59.4,6.3,77.3,25.8,25.259543010752687
2016-08,15,139.2,30.6,6.7,74.0,26.2,25.236155913978497
2016-09,15,118.9,34.0,5.5,73.9,25.1,24.610138888888887
2016-10,16,181.0,75.4,4.6,72.0,25.2,24.35282258064516
2016-11,20,290.2,65.6,3.5,77.6,24.9,24.353194444444444
2016-12,23,292.6,73.0,5.1,72.8,24.7,23.570833333333333
2017-01,21,197.6,60.6,4.8,84.8,24.7,24.893010752688173
2017-02,15,158.4,31.0,7.1,83.2,24.7,24.679464285714282
2017-03,11,136.2,30.2,6.1,82.5,24.9,24.988440860215057
2017-04,21,208.6,42.8,5.3,83.5,25.0,25.54638888888889
2017-05,15,190.0,44.8,5.9,82.8,25.9,26.114650537634407
2017-06,10,106.0,29.6,6.3,80.2,25.9,25.75847222222222
2017-07,9,79.6,30.2,7.0,79.6,26.0,25.50577956989247
2017-08,18,84.2,29.4,6.1,79.9,25.9,25.39059139784946
2017-09,19,124.4,20.2,5.7,81.0,25.4,25.380555555555556
2017-10,18,120.8,31.2,5.5,82.5,25.3,25.47970430107527
2017-11,24,268.6,45.2,4.2,86.3,24.6,25.229999999999997
2017-12,23,371.2,69.8,5.6,85.2,24.6,25.010080645161292
2018-01,25,287.0,45.8,4.1,86.6,24.0,24.34543010752688
2018-02,5,14.8,13.0,8.0,77.2,24.8,24.058630952380952
2018-03,10,44.6,15.2,6.4,78.4,25.4,24.96532258064516
2018-04,14,61.2,14.0,6.8,78.5,25.8,25.470000000000002
2018-05,19,132.2,47.4,5.8,79.0,26.2,25.72244623655914
2018-06,17,182.6,46.8,4.1,79.3,25.6,25.57097222222222
2018-07,10,143.2,32.4,6.1,77.7,26.0,25.403091397849465
2018-08,11,121.6,34.6,6.7,77.0,26.1,25.324596774193548
2018-09,13,144.4,45.0,6.0,77.1,25.3,24.81625
2018-10,18,234.4,60.6,6.1,79.7,25.2,25.083870967741937
2018-11,27,169.6,20.6,3.8,83.2,24.6,25.04638888888889
2018-12,19,172.6,43.8,5.1,81.5,25.3,25.06532258064516
2019-01,9,63.6,38.2,7.1,75.6,25.6,24.605376344086025
2019-02,5,31.6,13.4,9.2,74.1,25.4,24.58169642857143
2019-03,6,72.2,29.0,8.3,72.3,25.6,24.7375
2019-04,9,174.8,52.4,5.9,77.6,25.9,25.502777777777776
2019-05,13,69.0,17.2,7.0,79.2,26.5,26.34193548387097
2019-06,16,173.8,37.6,5.3,79.5,26.1,25.61277777777778
2019-07,8,12.2,6.6,7.5,75.2,26.9,25.546505376344083
2019-08,6,11.8,3.8,7.6,72.1,27.1,25.14758064516129
2019-09,4,22.8,16.4,6.7,73.0,26.6,25.17666666666667
2019-10,15,176.8,92.2,6.5,78.1,25.3,25.08306451612903
2019-11,15,137.4,73.4,5.5,79.2,25.4,25.128194444444443
2019-12,14,421.5,74.2,4.8,83.9,24.6,24.581317204301076
2020-01,6,88.4,38.0,7.1,77.9,25.2,24.690725806451614
2020-02,8,65.0,23.8,8.3,76.0,25.3,24.543390804597703
2020-03,8,108.8,47.4,7.6,75.2,25.9,25.122580645161293
2020-04,12,188.0,51.8,7.1,76.4,26.0,25.509722222222223
2020-05,16,255.6,53.8,5.7,79.1,26.1,26.02405913978495
2020-06,21,233.8,41.0,4.3,80.2,25.5,25.440416666666664
2020-07,22,140.8,30.4,5.7,78.2,25.5,25.021639784946235
2020-08,12,103.4,34.6,6.4,76.8,25.9,25.113844086021505
2020-09,18,150.2,32.8,4.8,79.0,24.9,24.719305555555557
2020-10,16,78.8,19.0,4.3,75.4,25.6,24.916263440860217
2020-11,19,220.6,64.2,4.0,81.7,25.0,24.803055555555556
2020-12,20,253.2,58.2,5.2,81.1,24.5,24.651612903225807
2021-01,17,692.8,210.6,4.2,82.6,23.8,23.73333333333333
2021-02,2,1.0,0.6,8.2,73.8,24.8,23.745386904761904
2021-03,14,182.4,38.0,7.3,76.6,25.0,24.68938172043011
2021-04,14,290.4,83.8,6.8,77.4,25.3,25.122500000000002
2021-05,13,245.8,49.8,6.0,79.3,26.0,25.861424731182797
2021-06,20,93.4,23.8,6.5,77.8,25.6,25.489305555555553
2021-07,12,195.8,75.0,6.8,76.5,26.2,25.36922043010753
2021-08,24,293.6,71.4,4.8,80.4,24.8,24.96317204301075
2021-09,14,205.4,63.4,6.4,77.3,25.6,25.195833333333333
2021-10,14,177.0,59.6,6.2,78.3,25.8,25.493682795698923
2021-11,23,312.4,47.8,4.9,81.7,24.8,25.111944444444443
2021-12,15,119.6,46.8,5.4,79.7,25.4,24.95604838709677
2022-01,9,99.8,50.0,8.3,77.4,24.9,24.380913978494625
2022-02,16,175.0,29.6,5.9,80.3,24.8,24.64985119047619
2022-03,21,163.2,36.2,6.4,79.2,25.1,25.253225806451614
2022-04,18,239.6,58.8,5.2,80.0,25.1,25.375416666666666
2022-05,12,102.0,44.6,6.7,76.5,26.2,25.881317204301077
2022-06,17,211.8,59.4,4.7,79.1,25.3,25.118055555555557
2022-07,16,145.2,27.8,6.2,76.8,25.8,25.43911290322581
2022-08,15,141.4,32.4,5.5,77.4,25.8,25.072311827956987
